region,sum_of_sales,average_of_sales
South,40866.76,567.593888888889
East,31311.84,447.312
West,42557.420000000006,518.9929268292684
Central,39610.26000000002,521.1876315789476
